{
	"total_input_token": 1431574,
	"total_output_token": 175468,
	"total_price_dollar": 1.0237844999999985,
	"total_price_won": 1371.8712299999968
}